global_step,tp,tn,fp,fn,mcc,train_loss,eval_loss
1101,214,1100,368,795,-0.044721618213134265,0.7225996851921082,0.7112031613626788
