global_step,tp,tn,fp,fn,mcc,train_loss,eval_loss
986,738,626,842,271,0.16136980569055426,0.7130428552627563,0.687386034188732
1972,725,703,765,284,0.19812502090845902,0.9595404267311096,0.6805948507401252
2000,306,1215,253,703,0.15388929874331303,0.612960934638977,0.675233252971403
2958,683,774,694,326,0.20188636608284968,0.26161491870880127,0.7934689903451551
3944,574,920,548,435,0.1930517790734218,0.06937193870544434,1.3074937235924506
4000,615,867,601,394,0.19668053224730112,0.007567599415779114,1.4956706999290375
4930,575,901,567,434,0.1810013517551607,0.0017510652542114258,1.9756950618518938
