global_step,tp,tn,fp,fn,mcc,train_loss,eval_loss
1239,431,689,529,828,-0.09438813636717981,0.5468125939369202,0.725510093665892
2000,521,616,602,738,-0.08077337406041511,0.24651899933815002,0.8303937399579633
2478,686,448,770,573,-0.08867314739194648,0.420747846364975,0.7737045132344769
3717,531,625,593,728,-0.06537145594597536,0.11320731043815613,1.0683883637189866
4000,452,710,508,807,-0.059580030978343045,0.01055288314819336,1.8576434150818855
4956,478,682,536,781,-0.06140830737537346,0.3944108486175537,2.4593471184853586
6000,579,607,611,680,-0.04177956270035984,0.0007876455783843994,3.4380059682553816
6195,587,588,630,672,-0.050999027681751935,0.0020014047622680664,3.4350010541177567
