global_step,tp,tn,fp,fn,mcc,train_loss,eval_loss
1239,407,702,516,852,-0.10378307745704311,0.5996455550193787,0.725509012129999
2000,331,779,439,928,-0.10533372832984296,0.3810855448246002,0.8037366073939108
2478,112,1058,160,1147,-0.06780292409320172,0.4812515676021576,0.8069780981348407
3717,606,523,695,653,-0.0893748061061585,0.06380672752857208,1.1547712401997658
4000,841,319,899,418,-0.07666121651269464,0.47085288166999817,1.8136055778591864
4956,749,431,787,510,-0.052762430058994794,0.0021009445190429688,2.235958045336508
6000,603,573,645,656,-0.05059965718465014,8.094310760498047e-05,4.02057672431392
6195,685,493,725,574,-0.05164603581782096,8.606910705566406e-05,3.9629281207438436
